device_key,display_name,family,idx,folder,backend,job_id,created,shots,unique_bitstrings,<Z^10>,|<Z^10>|,prediction,H[bits]_bits,mean_HW,readout_spread,xeb_linear_2n_Ep2,parity_even_frac,top_bitstring,test_index_ideal,true_label_ideal,test_index,true_label,ideal_Z_all_expectation,ideal_prediction,ideal_entropy_bits,ideal_linear_xeb_purity,ideal_top_bitstring,ideal_top_prob,ideal_mean_hamming,ideal_prediction_matches_label,has_ideal_ref,Z_err_empirical_minus_ideal,entropy_err_vs_ideal,purity_delta_hw_minus_ideal,correct_vs_true_label,correct_vs_ideal_prediction,circuit_idx,test_index_x,test_index_y
ibm_kingston,IBM Kingston,IBM,0,vqc-ibm_kingston_00,ibm_kingston,d7njv3s97osc73ds5nk0,2026-04-27T10:50:55.88709Z,1024,142,0.224609375,0.224609375,1.0,5.302979983018988,4.7763671875,0.7744140625,63.49609375,0.6123046875,1001110000,0.0,1.0,0.0,1.0,0.2751950107936259,1,5.17443871862778,74.25114174898701,111001,0.179845673571171,4.794584155699781,True,True,-0.0505856357936259,0.1285412643912078,-10.75504799898701,True,True,0,,
ibm_marrakesh,IBM Marrakesh,IBM,0,qvc_test_000,ibm_marrakesh,marrakesh_qvc_test_000,qvc_test_000.json,1024,141,0.259765625,0.259765625,1.0,5.230747649068265,4.8193359375,0.763671875,66.9609375,0.6298828125,111001,,,0.0,1.0,0.2751950107936259,1,5.17443871862778,74.25114174898701,111001,0.179845673571171,4.794584155699781,,True,-0.0154293857936259,0.0563089304404851,-7.29020424898701,True,True,0,,
iqm_emerald,IQM Emerald (Braket),Braket,0,qvc_test_000,iqm_emerald,iqm_emerald_qvc_test_000,qvc_test_000.json,1024,201,0.107421875,0.107421875,1.0,6.138543931190815,4.7158203125,0.7353515625,38.677734375,0.5537109375,111001,,,0.0,1.0,0.2751950107936259,1,5.17443871862778,74.25114174898701,111001,0.179845673571171,4.794584155699781,,True,-0.1677731357936259,0.9641052125630348,-35.57340737398701,True,True,0,,
iqm_garnet,IQM Garnet (Braket),Braket,0,qvc_test_000,iqm_garnet,iqm_garnet_qvc_test_000,qvc_test_000.json,1024,215,0.123046875,0.123046875,1.0,6.124545231589021,4.8544921875,0.6728515625,40.1640625,0.5615234375,111001,,,0.0,1.0,0.2751950107936259,1,5.17443871862778,74.25114174898701,111001,0.179845673571171,4.794584155699781,,True,-0.1521481357936259,0.9501065129612414,-34.08707924898701,True,True,0,,
rigetti_cepheus,Rigetti Cepheus (Braket),Braket,0,qvc_test_000,rigetti_cepheus,rigetti_cepheus_qvc_test_000,qvc_test_000.json,1024,367,-0.013671875,0.013671875,-1.0,7.847370965643417,6.2861328125,0.4970703125,7.673828125,0.4931640625,1110111111,,,0.0,1.0,0.2751950107936259,1,5.17443871862778,74.25114174898701,111001,0.179845673571171,4.794584155699781,,True,-0.2888668857936259,2.6729322470156376,-66.57731362398701,False,False,0,,
braket_sv1,Braket SV1 (Amazon sim),Braket sim,0,qvc_test_000,braket_sv1,braket_sv1_qvc_test_000,qvc_test_000.json,1024,121,0.310546875,0.310546875,1.0,4.957025580569894,4.7998046875,0.7802734375,74.9140625,0.6552734375,111001,,,0.0,1.0,0.2751950107936259,1,5.17443871862778,74.25114174898701,111001,0.179845673571171,4.794584155699781,,True,0.035351864206374,-0.2174131380578856,0.6629207510129902,True,True,0,,
braket_tn1,Braket TN1 (Amazon sim),Braket sim,0,qvc_test_000,braket_tn1,braket_tn1_qvc_test_000,qvc_test_000.json,1000,122,0.262,0.262,1.0,4.985124704208543,4.779,0.785,74.90764800000004,0.631,111001,,,0.0,1.0,0.2751950107936259,1,5.17443871862778,74.25114174898701,111001,0.179845673571171,4.794584155699781,,True,-0.0131950107936258,-0.1893140144192369,0.6565062510130275,True,True,0,,
ionq_native_simulator,IonQ simulator (native cloud),IonQ native,0,qvc_test_000,ionq_native_simulator,ionq_native_simulator_qvc_test_000,20260707_084925Z/qvc_test_000.json,1024,120,0.28125,0.28125,1.0,4.936330672958762,4.826171875,0.80859375,76.2265625,0.640625,1100111001,,,,1.0,0.2751950107936259,1,5.17443871862778,74.25114174898701,111001,0.179845673571171,4.794584155699781,,True,0.006054989206374,-0.2381080456690174,1.9754207510129904,True,True,0,0.0,0.0
ionq_native_forte_1,IonQ Forte-1 (native cloud),IonQ native,0,qvc_test_000,ionq_native_forte_1,ionq_native_forte_1_qvc_test_000,20260707_084925Z/qvc_test_000.json,1025,152,0.2839024390243902,0.2839024390243902,1.0,5.261052281874742,4.879024390243902,0.7921951219512195,70.3166972040452,0.6419512195121951,111001,,,,1.0,0.2751950107936259,1,5.17443871862778,74.25114174898701,111001,0.179845673571171,4.794584155699781,,True,0.0087074282307643,0.0866135632469617,-3.934444544941812,True,True,0,0.0,0.0
ibm_fez,IBM Fez,IBM,1,fez_vqc_001,ibm_fez,d7vm3kjack5s73bfjjh0,2026-05-09T16:33:22.233832Z,1024,167,0.205078125,0.205078125,1.0,5.730298427781732,6.5791015625,0.3671875,47.521484375,0.6025390625,1111111111,,,1.0,1.0,0.3818224159170801,1,4.709176748284283,93.52649793859185,1111111111,0.1839888871803092,6.820639177104529,,True,-0.1767442909170801,1.0211216794974494,-46.005013563591845,True,True,1,,
ibm_marrakesh,IBM Marrakesh,IBM,1,qvc_test_001,ibm_marrakesh,marrakesh_qvc_test_001,qvc_test_001.json,1024,121,0.306640625,0.306640625,1.0,4.983541963988161,6.6845703125,0.427734375,75.9609375,0.6533203125,1111111111,,,1.0,1.0,0.3818224159170801,1,4.709176748284283,93.52649793859185,1111111111,0.1839888871803092,6.820639177104529,,True,-0.0751817909170801,0.2743652157038783,-17.565560438591845,True,True,1,,
iqm_emerald,IQM Emerald (Braket),Braket,1,qvc_test_001,iqm_emerald,iqm_emerald_qvc_test_001,qvc_test_001.json,1024,219,0.12109375,0.12109375,1.0,6.305053902645483,6.474609375,0.3505859375,34.185546875,0.560546875,1111111111,,,1.0,1.0,0.3818224159170801,1,4.709176748284283,93.52649793859185,1111111111,0.1839888871803092,6.820639177104529,,True,-0.2607286659170801,1.5958771543612,-59.340951063591845,True,True,1,,
iqm_garnet,IQM Garnet (Braket),Braket,1,qvc_test_001,iqm_garnet,iqm_garnet_qvc_test_001,qvc_test_001.json,1024,184,0.166015625,0.166015625,1.0,5.765539978632698,6.5908203125,0.3125,47.083984375,0.5830078125,1111111111,,,1.0,1.0,0.3818224159170801,1,4.709176748284283,93.52649793859185,1111111111,0.1839888871803092,6.820639177104529,,True,-0.2158067909170801,1.0563632303484152,-46.442513563591845,True,True,1,,
rigetti_cepheus,Rigetti Cepheus (Braket),Braket,1,qvc_test_001,rigetti_cepheus,rigetti_cepheus_qvc_test_001,qvc_test_001.json,1024,337,0.0234375,0.0234375,1.0,7.497723158123446,6.685546875,0.3427734375,11.609375,0.51171875,1111111111,,,1.0,1.0,0.3818224159170801,1,4.709176748284283,93.52649793859185,1111111111,0.1839888871803092,6.820639177104529,,True,-0.3583849159170801,2.788546409839163,-81.91712293859185,True,True,1,,
braket_sv1,Braket SV1 (Amazon sim),Braket sim,1,qvc_test_001,braket_sv1,braket_sv1_qvc_test_001,qvc_test_001.json,1024,114,0.3671875,0.3671875,1.0,4.633507199597923,6.876953125,0.3798828125,92.685546875,0.68359375,1111111111,,,1.0,1.0,0.3818224159170801,1,4.709176748284283,93.52649793859185,1111111111,0.1839888871803092,6.820639177104529,,True,-0.0146349159170801,-0.0756695486863598,-0.8409510635918451,True,True,1,,
braket_tn1,Braket TN1 (Amazon sim),Braket sim,1,qvc_test_001,braket_tn1,braket_tn1_qvc_test_001,qvc_test_001.json,1000,104,0.398,0.398,1.0,4.487069946914175,6.937,0.389,101.72006399999998,0.699,1111111111,,,1.0,1.0,0.3818224159170801,1,4.709176748284283,93.52649793859185,1111111111,0.1839888871803092,6.820639177104529,,True,0.0161775840829199,-0.2221068013701082,8.193566061408134,True,True,1,,
ionq_native_simulator,IonQ simulator (native cloud),IonQ native,1,qvc_test_001,ionq_native_simulator,ionq_native_simulator_qvc_test_001,20260707_084925Z/qvc_test_001.json,1024,108,0.404296875,0.404296875,1.0,4.5495751757746,6.8896484375,0.3974609375,96.7890625,0.7021484375,1111111111,,,,1.0,0.3818224159170801,1,4.709176748284283,93.52649793859185,1111111111,0.1839888871803092,6.820639177104529,,True,0.0224744590829198,-0.1596015725096826,3.262564561408155,True,True,1,1.0,1.0
ionq_native_forte_1,IonQ Forte-1 (native cloud),IonQ native,1,qvc_test_001,ionq_native_forte_1,ionq_native_forte_1_qvc_test_001,20260707_084925Z/qvc_test_001.json,1025,135,0.3112195121951219,0.3112195121951219,1.0,5.045398100218563,6.832195121951219,0.3580487804878048,74.6714688875669,0.655609756097561,1111111111,,,,1.0,0.3818224159170801,1,4.709176748284283,93.52649793859185,1111111111,0.1839888871803092,6.820639177104529,,True,-0.0706029037219581,0.33622135193428,-18.855029051024943,True,True,1,1.0,1.0
ibm_kingston,IBM Kingston,IBM,2,vqc_ibm_kingston_02,ibm_kingston,d7nk2fu2jamc73boj540,2026-04-27T10:58:07.710925Z,1024,117,0.3046875,0.3046875,1.0,4.632552683489555,6.302734375,0.625,106.3671875,0.65234375,1110110010,2.0,1.0,2.0,1.0,0.3833297607869371,1,4.470685398892133,119.42016901318765,100110111,0.2695099263890745,6.364287112273369,True,True,-0.078642260786937,0.161867284597422,-13.052981513187646,True,True,2,,
ibm_fez,IBM Fez,IBM,2,fez_vqc_002,ibm_fez,d7vm407mrars73d8cadg,2026-05-09T16:34:08.576996Z,1024,155,0.16015625,0.16015625,1.0,5.481862530946245,6.06640625,0.5439453125,57.939453125,0.580078125,1110110010,,,2.0,1.0,0.3833297607869371,1,4.470685398892133,119.42016901318765,100110111,0.2695099263890745,6.364287112273369,,True,-0.2231735107869371,1.0111771320541116,-61.480715888187646,True,True,2,,
ibm_marrakesh,IBM Marrakesh,IBM,2,qvc_test_002,ibm_marrakesh,marrakesh_qvc_test_002,qvc_test_002.json,1024,119,0.333984375,0.333984375,1.0,4.655304765906783,6.3427734375,0.5927734375,100.71875,0.6669921875,100110111,,,2.0,1.0,0.3833297607869371,1,4.470685398892133,119.42016901318765,100110111,0.2695099263890745,6.364287112273369,,True,-0.049345385786937,0.1846193670146494,-18.70141901318765,True,True,2,,
iqm_emerald,IQM Emerald (Braket),Braket,2,qvc_test_002,iqm_emerald,iqm_emerald_qvc_test_002,qvc_test_002.json,1024,216,0.19140625,0.19140625,1.0,6.1024518983923,6.1015625,0.5380859375,44.578125,0.595703125,100110111,,,2.0,1.0,0.3833297607869371,1,4.470685398892133,119.42016901318765,100110111,0.2695099263890745,6.364287112273369,,True,-0.1919235107869371,1.6317664995001673,-74.84204401318765,True,True,2,,
iqm_garnet,IQM Garnet (Braket),Braket,2,qvc_test_002,iqm_garnet,iqm_garnet_qvc_test_002,qvc_test_002.json,1024,181,0.189453125,0.189453125,1.0,5.637329224639903,6.1767578125,0.5615234375,60.302734375,0.5947265625,100110111,,,2.0,1.0,0.3833297607869371,1,4.470685398892133,119.42016901318765,100110111,0.2695099263890745,6.364287112273369,,True,-0.1938766357869371,1.1666438257477705,-59.117434638187646,True,True,2,,
rigetti_cepheus,Rigetti Cepheus (Braket),Braket,2,qvc_test_002,rigetti_cepheus,rigetti_cepheus_qvc_test_002,qvc_test_002.json,1024,343,-0.00390625,0.00390625,-1.0,7.5283452535527955,6.8515625,0.4248046875,10.37890625,0.498046875,1111111111,,,2.0,1.0,0.3833297607869371,1,4.470685398892133,119.42016901318765,100110111,0.2695099263890745,6.364287112273369,,True,-0.3872360107869371,3.0576598546606624,-109.04126276318765,False,False,2,,
braket_sv1,Braket SV1 (Amazon sim),Braket sim,2,qvc_test_002,braket_sv1,braket_sv1_qvc_test_002,qvc_test_002.json,1024,97,0.359375,0.359375,1.0,4.454083648212935,6.41796875,0.5927734375,106.951171875,0.6796875,100110111,,,2.0,1.0,0.3833297607869371,1,4.470685398892133,119.42016901318765,100110111,0.2695099263890745,6.364287112273369,,True,-0.023954760786937,-0.0166017506791984,-12.468997138187646,True,True,2,,
braket_tn1,Braket TN1 (Amazon sim),Braket sim,2,qvc_test_002,braket_tn1,braket_tn1_qvc_test_002,qvc_test_002.json,1000,100,0.33,0.33,1.0,4.42745759654184,6.367,0.6200000000000001,117.08006400000004,0.665,100110111,,,2.0,1.0,0.3833297607869371,1,4.470685398892133,119.42016901318765,100110111,0.2695099263890745,6.364287112273369,,True,-0.053329760786937,-0.0432278023502936,-2.3401050131876104,True,True,2,,
ionq_native_simulator,IonQ simulator (native cloud),IonQ native,2,qvc_test_002,ionq_native_simulator,ionq_native_simulator_qvc_test_002,20260707_084925Z/qvc_test_002.json,1024,99,0.373046875,0.373046875,1.0,4.377390022156376,6.3310546875,0.6103515625,119.50390625,0.6865234375,100110111,,,,1.0,0.3833297607869371,1,4.470685398892133,119.42016901318765,100110111,0.2695099263890745,6.364287112273369,,True,-0.010282885786937,-0.0932953767357567,0.0837372368123539,True,True,2,2.0,2.0
ionq_native_forte_1,IonQ Forte-1 (native cloud),IonQ native,2,qvc_test_002,ionq_native_forte_1,ionq_native_forte_1_qvc_test_002,20260707_084925Z/qvc_test_002.json,1025,121,0.3365853658536585,0.3365853658536585,1.0,4.777946440686439,6.302439024390244,0.551219512195122,96.14513265913143,0.6682926829268293,100110111,,,,1.0,0.3833297607869371,1,4.470685398892133,119.42016901318765,100110111,0.2695099263890745,6.364287112273369,,True,-0.0467443949332785,0.3072610417943062,-23.2750363540562,True,True,2,2.0,2.0
ibm_kingston,IBM Kingston,IBM,3,vqc_ibm_kingston_03,ibm_kingston,d7nk34qk4prs73dscnfg,2026-04-27T10:59:31.60822Z,1024,145,0.248046875,0.248046875,1.0,5.308114742586596,3.5185546875,0.5166015625,65.1875,0.6240234375,1100011,3.0,1.0,3.0,1.0,0.3651307496429171,1,4.873538774583125,94.18353750373504,1100011000,0.2224242029994974,3.477280796007142,True,True,-0.117083874642917,0.4345759680034708,-28.99603750373504,True,True,3,,
ibm_fez,IBM Fez,IBM,3,fez_vqc_003,ibm_fez,d7vm4jlpa59c73b63280,2026-05-09T16:35:26.497508Z,1024,173,0.201171875,0.201171875,1.0,5.724194573558069,3.6513671875,0.5185546875,51.224609375,0.6005859375,1100011,,,3.0,1.0,0.3651307496429171,1,4.873538774583125,94.18353750373504,1100011000,0.2224242029994974,3.477280796007142,,True,-0.163958874642917,0.8506557989749446,-42.95892812873504,True,True,3,,
ibm_marrakesh,IBM Marrakesh,IBM,3,qvc_test_003,ibm_marrakesh,marrakesh_qvc_test_003,qvc_test_003.json,1024,126,0.353515625,0.353515625,1.0,4.885425555595607,3.4619140625,0.576171875,94.22265625,0.6767578125,1100011000,,,3.0,1.0,0.3651307496429171,1,4.873538774583125,94.18353750373504,1100011000,0.2224242029994974,3.477280796007142,,True,-0.011615124642917,0.0118867810124818,0.0391187462649611,True,True,3,,
iqm_emerald,IQM Emerald (Braket),Braket,3,qvc_test_003,iqm_emerald,iqm_emerald_qvc_test_003,qvc_test_003.json,1024,230,0.14453125,0.14453125,1.0,6.338162917472676,3.658203125,0.5126953125,34.62109375,0.572265625,1100011000,,,3.0,1.0,0.3651307496429171,1,4.873538774583125,94.18353750373504,1100011000,0.2224242029994974,3.477280796007142,,True,-0.220599499642917,1.4646241428895517,-59.56244375373504,True,True,3,,
iqm_garnet,IQM Garnet (Braket),Braket,3,qvc_test_003,iqm_garnet,iqm_garnet_qvc_test_003,qvc_test_003.json,1024,203,0.087890625,0.087890625,1.0,6.16121654686966,3.7685546875,0.46484375,34.416015625,0.5439453125,1100011000,,,3.0,1.0,0.3651307496429171,1,4.873538774583125,94.18353750373504,1100011000,0.2224242029994974,3.477280796007142,,True,-0.2772401246429171,1.2876777722865356,-59.76752187873504,True,True,3,,
rigetti_cepheus,Rigetti Cepheus (Braket),Braket,3,qvc_test_003,rigetti_cepheus,rigetti_cepheus_qvc_test_003,qvc_test_003.json,1024,357,-0.05078125,0.05078125,-1.0,7.795858609557149,4.8046875,0.419921875,7.322265625,0.474609375,1110011110,,,3.0,1.0,0.3651307496429171,1,4.873538774583125,94.18353750373504,1100011000,0.2224242029994974,3.477280796007142,,True,-0.4159119996429171,2.922319834974024,-86.86127187873504,False,False,3,,
braket_sv1,Braket SV1 (Amazon sim),Braket sim,3,qvc_test_003,braket_sv1,braket_sv1_qvc_test_003,qvc_test_003.json,1024,106,0.3203125,0.3203125,1.0,4.700650622887991,3.435546875,0.5673828125,94.017578125,0.66015625,1100011000,,,3.0,1.0,0.3651307496429171,1,4.873538774583125,94.18353750373504,1100011000,0.2224242029994974,3.477280796007142,,True,-0.044818249642917,-0.1728881516951332,-0.1659593787350388,True,True,3,,
braket_tn1,Braket TN1 (Amazon sim),Braket sim,3,qvc_test_003,braket_tn1,braket_tn1_qvc_test_003,qvc_test_003.json,1000,115,0.306,0.306,1.0,4.813645523040038,3.473,0.5710000000000001,86.55872,0.653,1100011000,,,3.0,1.0,0.3651307496429171,1,4.873538774583125,94.18353750373504,1100011000,0.2224242029994974,3.477280796007142,,True,-0.059130749642917,-0.0598932515430865,-7.624817503735045,True,True,3,,
ionq_native_simulator,IonQ simulator (native cloud),IonQ native,3,qvc_test_003,ionq_native_simulator,ionq_native_simulator_qvc_test_003,20260707_084925Z/qvc_test_003.json,1024,104,0.345703125,0.345703125,1.0,4.728928293714173,3.4599609375,0.57421875,93.08203125,0.6728515625,1100011000,,,,1.0,0.3651307496429171,1,4.873538774583125,94.18353750373504,1100011000,0.2224242029994974,3.477280796007142,,True,-0.019427624642917,-0.1446104808689519,-1.1015062537350389,True,True,3,3.0,3.0
ionq_native_forte_1,IonQ Forte-1 (native cloud),IonQ native,3,qvc_test_003,ionq_native_forte_1,ionq_native_forte_1_qvc_test_003,20260707_084925Z/qvc_test_003.json,1025,126,0.2253658536585366,0.2253658536585366,1.0,5.15117208869308,3.528780487804878,0.5482926829268293,69.44535300416416,0.6126829268292683,1100011000,,,,1.0,0.3651307496429171,1,4.873538774583125,94.18353750373504,1100011000,0.2224242029994974,3.477280796007142,,True,-0.1397648959843805,0.2776333141099556,-24.73818449957088,True,True,3,3.0,3.0
ibm_kingston,IBM Kingston,IBM,4,vqc_ibm_kingston_04,ibm_kingston,d7nk3ls97osc73ds5sc0,2026-04-27T11:00:39.774482Z,1024,129,0.162109375,0.162109375,1.0,4.958436492963306,5.0654296875,0.814453125,80.328125,0.5810546875,1001110000,4.0,1.0,4.0,1.0,0.1965586286777482,1,4.806047728839294,94.57023514073768,1100111001,0.2136963281127981,5.09097165306162,True,True,-0.0344492536777482,0.1523887641240113,-14.24211014073768,True,True,4,,
ibm_fez,IBM Fez,IBM,4,fez_vqc_004,ibm_fez,d7vm5crack5s73bfjlfg,2026-05-09T16:37:07.657627Z,1024,167,0.162109375,0.162109375,1.0,5.575577100717687,4.9892578125,0.7470703125,56.755859375,0.5810546875,1001110011,,,4.0,1.0,0.1965586286777482,1,4.806047728839294,94.57023514073768,1100111001,0.2136963281127981,5.09097165306162,,True,-0.0344492536777482,0.7695293718783924,-37.81437576573768,True,True,4,,
ibm_marrakesh,IBM Marrakesh,IBM,4,qvc_test_004,ibm_marrakesh,marrakesh_qvc_test_004,qvc_test_004.json,1024,129,0.171875,0.171875,1.0,4.9415077953309,5.076171875,0.7744140625,81.94921875,0.5859375,1100111001,,,4.0,1.0,0.1965586286777482,1,4.806047728839294,94.57023514073768,1100111001,0.2136963281127981,5.09097165306162,,True,-0.0246836286777482,0.1354600664916052,-12.62101639073768,True,True,4,,
iqm_emerald,IQM Emerald (Braket),Braket,4,qvc_test_004,iqm_emerald,iqm_emerald_qvc_test_004,qvc_test_004.json,1024,218,0.03125,0.03125,1.0,6.260490168022548,5.041015625,0.7373046875,34.86328125,0.515625,111001,,,4.0,1.0,0.1965586286777482,1,4.806047728839294,94.57023514073768,1100111001,0.2136963281127981,5.09097165306162,,True,-0.1653086286777482,1.4544424391832536,-59.70695389073768,True,True,4,,
iqm_garnet,IQM Garnet (Braket),Braket,4,qvc_test_004,iqm_garnet,iqm_garnet_qvc_test_004,qvc_test_004.json,1024,201,0.001953125,0.001953125,1.0,6.044825833458402,4.9345703125,0.6826171875,38.345703125,0.5009765625,111001,,,4.0,1.0,0.1965586286777482,1,4.806047728839294,94.57023514073768,1100111001,0.2136963281127981,5.09097165306162,,True,-0.1946055036777482,1.238778104619108,-56.22453201573768,True,True,4,,
rigetti_cepheus,Rigetti Cepheus (Braket),Braket,4,qvc_test_004,rigetti_cepheus,rigetti_cepheus_qvc_test_004,qvc_test_004.json,1024,331,0.025390625,0.025390625,1.0,7.582959247639567,6.0947265625,0.5712890625,9.359375,0.5126953125,1110111111,,,4.0,1.0,0.1965586286777482,1,4.806047728839294,94.57023514073768,1100111001,0.2136963281127981,5.09097165306162,,True,-0.1711680036777482,2.776911518800273,-85.21086014073768,True,True,4,,
braket_sv1,Braket SV1 (Amazon sim),Braket sim,4,qvc_test_004,braket_sv1,braket_sv1_qvc_test_004,qvc_test_004.json,1024,119,0.197265625,0.197265625,1.0,4.741007313876533,5.0849609375,0.802734375,90.2734375,0.5986328125,1100111001,,,4.0,1.0,0.1965586286777482,1,4.806047728839294,94.57023514073768,1100111001,0.2136963281127981,5.09097165306162,,True,0.0007069963222517,-0.0650404149627608,-4.29679764073768,True,True,4,,
braket_tn1,Braket TN1 (Amazon sim),Braket sim,4,qvc_test_004,braket_tn1,braket_tn1_qvc_test_004,qvc_test_004.json,1000,110,0.198,0.198,1.0,4.629836829461605,5.131,0.8089999999999999,100.542464,0.599,1100111001,,,4.0,1.0,0.1965586286777482,1,4.806047728839294,94.57023514073768,1100111001,0.2136963281127981,5.09097165306162,,True,0.0014413713222518,-0.1762108993776889,5.97222885926233,True,True,4,,
ionq_native_simulator,IonQ simulator (native cloud),IonQ native,4,qvc_test_004,ionq_native_simulator,ionq_native_simulator_qvc_test_004,20260707_084925Z/qvc_test_004.json,1024,112,0.220703125,0.220703125,1.0,4.636600932114847,5.0107421875,0.806640625,98.0,0.6103515625,1100111001,,,,1.0,0.1965586286777482,1,4.806047728839294,94.57023514073768,1100111001,0.2136963281127981,5.09097165306162,,True,0.0241444963222517,-0.169446796724447,3.4297648592623204,True,True,4,4.0,4.0
ionq_native_forte_1,IonQ Forte-1 (native cloud),IonQ native,4,qvc_test_004,ionq_native_forte_1,ionq_native_forte_1_qvc_test_004,20260707_084925Z/qvc_test_004.json,1025,131,0.1785365853658536,0.1785365853658536,1.0,5.023206797540477,5.132682926829268,0.7902439024390244,80.49212611540752,0.5892682926829268,1100111001,,,,1.0,0.1965586286777482,1,4.806047728839294,94.57023514073768,1100111001,0.2136963281127981,5.09097165306162,,True,-0.0180220433118945,0.217159068701183,-14.078109025330164,True,True,4,4.0,4.0
ibm_kingston,IBM Kingston,IBM,5,vqc_ibm_kingston_05,ibm_kingston,d7nkorc97osc73ds6il0,2026-04-27T11:45:49.559754Z,1024,136,0.140625,0.140625,1.0,5.092892939877972,5.0625,0.771484375,73.779296875,0.5703125,1001110011,5.0,1.0,5.0,1.0,0.419941945724004,1,4.236196265285288,132.61543048039448,1111111111,0.2580189822853257,7.268996709084359,True,True,-0.279316945724004,0.8566966745926843,-58.83613360539448,True,True,5,,
ibm_fez,IBM Fez,IBM,5,fez_vqc_005,ibm_fez,d7vm5r3ack5s73bfjm10,2026-05-09T16:38:04.903086Z,1024,140,0.23046875,0.23046875,1.0,5.1873811467043485,7.0625,0.3740234375,71.041015625,0.615234375,1111111111,,,5.0,1.0,0.419941945724004,1,4.236196265285288,132.61543048039448,1111111111,0.2580189822853257,7.268996709084359,,True,-0.189473195724004,0.9511848814190608,-61.57441485539448,True,True,5,,
ibm_marrakesh,IBM Marrakesh,IBM,5,qvc_test_005,ibm_marrakesh,marrakesh_qvc_test_005,qvc_test_005.json,1024,104,0.333984375,0.333984375,1.0,4.467304292433552,7.3486328125,0.392578125,114.529296875,0.6669921875,1111111111,,,5.0,1.0,0.419941945724004,1,4.236196265285288,132.61543048039448,1111111111,0.2580189822853257,7.268996709084359,,True,-0.085957570724004,0.2311080271482648,-18.08613360539448,True,True,5,,
iqm_emerald,IQM Emerald (Braket),Braket,5,qvc_test_005,iqm_emerald,iqm_emerald_qvc_test_005,qvc_test_005.json,1024,193,0.154296875,0.154296875,1.0,5.937486206650492,6.9033203125,0.3515625,45.595703125,0.5771484375,1111111111,,,5.0,1.0,0.419941945724004,1,4.236196265285288,132.61543048039448,1111111111,0.2580189822853257,7.268996709084359,,True,-0.265645070724004,1.7012899413652045,-87.01972735539448,True,True,5,,
iqm_garnet,IQM Garnet (Braket),Braket,5,qvc_test_005,iqm_garnet,iqm_garnet_qvc_test_005,qvc_test_005.json,1024,176,0.23828125,0.23828125,1.0,5.518468484188397,7.193359375,0.322265625,68.44140625,0.619140625,1111111111,,,5.0,1.0,0.419941945724004,1,4.236196265285288,132.61543048039448,1111111111,0.2580189822853257,7.268996709084359,,True,-0.181660695724004,1.2822722189031095,-64.17402423039448,True,True,5,,
rigetti_cepheus,Rigetti Cepheus (Braket),Braket,5,qvc_test_005,rigetti_cepheus,rigetti_cepheus_qvc_test_005,qvc_test_005.json,1024,315,0.04296875,0.04296875,1.0,7.345811991081806,6.89453125,0.30859375,13.986328125,0.521484375,1111111111,,,5.0,1.0,0.419941945724004,1,4.236196265285288,132.61543048039448,1111111111,0.2580189822853257,7.268996709084359,,True,-0.376973195724004,3.1096157257965187,-118.62910235539448,True,True,5,,
braket_sv1,Braket SV1 (Amazon sim),Braket sim,5,qvc_test_005,braket_sv1,braket_sv1_qvc_test_005,qvc_test_005.json,1024,82,0.478515625,0.478515625,1.0,4.005822123573107,7.2685546875,0.41796875,137.76953125,0.7392578125,1111111111,,,5.0,1.0,0.419941945724004,1,4.236196265285288,132.61543048039448,1111111111,0.2580189822853257,7.268996709084359,,True,0.0585736792759959,-0.2303741417121809,5.15410076960552,True,True,5,,
braket_tn1,Braket TN1 (Amazon sim),Braket sim,5,qvc_test_005,braket_tn1,braket_tn1_qvc_test_005,qvc_test_005.json,1000,81,0.408,0.408,1.0,3.913713349174,7.368,0.387,148.00896,0.704,1111111111,,,5.0,1.0,0.419941945724004,1,4.236196265285288,132.61543048039448,1111111111,0.2580189822853257,7.268996709084359,,True,-0.011941945724004,-0.3224829161112876,15.393529519605522,True,True,5,,
ionq_native_simulator,IonQ simulator (native cloud),IonQ native,5,qvc_test_005,ionq_native_simulator,ionq_native_simulator_qvc_test_005,20260707_084925Z/qvc_test_005.json,1024,75,0.4296875,0.4296875,1.0,3.9781930226787416,7.353515625,0.400390625,137.47265625,0.71484375,1111111111,,,,1.0,0.419941945724004,1,4.236196265285288,132.61543048039448,1111111111,0.2580189822853257,7.268996709084359,,True,0.0097455542759959,-0.2580032426065459,4.85722576960552,True,True,5,5.0,5.0
ionq_native_forte_1,IonQ Forte-1 (native cloud),IonQ native,5,qvc_test_005,ionq_native_forte_1,ionq_native_forte_1_qvc_test_005,20260707_084925Z/qvc_test_005.json,1025,109,0.2956097560975609,0.2956097560975609,1.0,4.621073280200238,7.204878048780488,0.3609756097560975,100.25429054134445,0.6478048780487805,1111111111,,,,1.0,0.419941945724004,1,4.236196265285288,132.61543048039448,1111111111,0.2580189822853257,7.268996709084359,,True,-0.124332189626443,0.3848770149149505,-32.36113993905005,True,True,5,5.0,5.0
ibm_fez,IBM Fez,IBM,6,fez_vqc_006,ibm_fez,d7vm7ddpa59c73b635h0,2026-05-09T16:41:25.923428Z,1024,110,-0.25390625,0.25390625,-1.0,4.376089122289179,5.46875,0.6328125,158.388671875,0.373046875,1110011000,,,6.0,-1.0,-0.5367374122211369,-1,2.813381907130459,348.27951864352804,1100111,0.567583592306259,5.392072774041349,,True,0.2828311622211369,1.5627072151587202,-189.89084676852804,True,True,6,,
ibm_marrakesh,IBM Marrakesh,IBM,6,qvc_test_006,ibm_marrakesh,marrakesh_qvc_test_006,qvc_test_006.json,1024,72,-0.45703125,0.45703125,-1.0,3.3238160657739284,5.462890625,0.703125,279.435546875,0.271484375,1100111,,,6.0,-1.0,-0.5367374122211369,-1,2.813381907130459,348.27951864352804,1100111,0.567583592306259,5.392072774041349,,True,0.0797061622211369,0.5104341586434695,-68.84397176852804,True,True,6,,
iqm_emerald,IQM Emerald (Braket),Braket,6,qvc_test_006,iqm_emerald,iqm_emerald_qvc_test_006,qvc_test_006.json,1024,145,-0.203125,0.203125,-1.0,4.89982471147405,5.390625,0.6728515625,123.716796875,0.3984375,1100111,,,6.0,-1.0,-0.5367374122211369,-1,2.813381907130459,348.27951864352804,1100111,0.567583592306259,5.392072774041349,,True,0.3336124122211369,2.086442804343591,-224.56272176852804,True,True,6,,
iqm_garnet,IQM Garnet (Braket),Braket,6,qvc_test_006,iqm_garnet,iqm_garnet_qvc_test_006,qvc_test_006.json,1024,139,-0.291015625,0.291015625,-1.0,4.60533937810917,5.4990234375,0.6640625,150.978515625,0.3544921875,1100111,,,6.0,-1.0,-0.5367374122211369,-1,2.813381907130459,348.27951864352804,1100111,0.567583592306259,5.392072774041349,,True,0.2457217872211369,1.7919574709787107,-197.30100301852804,True,True,6,,
rigetti_cepheus,Rigetti Cepheus (Braket),Braket,6,qvc_test_006,rigetti_cepheus,rigetti_cepheus_qvc_test_006,qvc_test_006.json,1024,319,-0.01953125,0.01953125,-1.0,7.340053426471004,6.736328125,0.39453125,12.66796875,0.490234375,1111111111,,,6.0,-1.0,-0.5367374122211369,-1,2.813381907130459,348.27951864352804,1100111,0.567583592306259,5.392072774041349,,True,0.5172061622211369,4.526671519340544,-335.61154989352804,True,True,6,,
braket_sv1,Braket SV1 (Amazon sim),Braket sim,6,qvc_test_006,braket_sv1,braket_sv1_qvc_test_006,qvc_test_006.json,1024,51,-0.54296875,0.54296875,-1.0,2.71082331274429,5.33984375,0.76171875,359.380859375,0.228515625,1100111,,,6.0,-1.0,-0.5367374122211369,-1,2.813381907130459,348.27951864352804,1100111,0.567583592306259,5.392072774041349,,True,-0.006231337778863,-0.1025585943861688,11.101340731471964,True,True,6,,
braket_tn1,Braket TN1 (Amazon sim),Braket sim,6,qvc_test_006,braket_tn1,braket_tn1_qvc_test_006,qvc_test_006.json,1000,50,-0.526,0.526,-1.0,2.8098798522992743,5.397,0.7549999999999999,337.774592,0.237,1100111,,,6.0,-1.0,-0.5367374122211369,-1,2.813381907130459,348.27951864352804,1100111,0.567583592306259,5.392072774041349,,True,0.0107374122211368,-0.0035020548311845,-10.504926643528051,True,True,6,,
ionq_native_simulator,IonQ simulator (native cloud),IonQ native,6,qvc_test_006,ionq_native_simulator,ionq_native_simulator_qvc_test_006,20260707_084925Z/qvc_test_006.json,1024,55,-0.53125,0.53125,-1.0,2.8644343110458714,5.4296875,0.744140625,326.83984375,0.234375,1100111,,,,-1.0,-0.5367374122211369,-1,2.813381907130459,348.27951864352804,1100111,0.567583592306259,5.392072774041349,,True,0.0054874122211369,0.0510524039154125,-21.43967489352804,True,True,6,6.0,6.0
ionq_native_forte_1,IonQ Forte-1 (native cloud),IonQ native,6,qvc_test_006,ionq_native_forte_1,ionq_native_forte_1_qvc_test_006,20260707_084925Z/qvc_test_006.json,1024,77,-0.50390625,0.50390625,-1.0,3.254029376204176,5.40234375,0.736328125,304.302734375,0.248046875,1100111,,,,-1.0,-0.5367374122211369,-1,2.813381907130459,348.27951864352804,1100111,0.567583592306259,5.392072774041349,,True,0.0328311622211369,0.440647469073717,-43.97678426852804,True,True,6,6.0,6.0
ibm_kingston,IBM Kingston,IBM,7,vqc_ibm_kingston_07,ibm_kingston,d7nkq2q94dqs73ev6slg,2026-04-27T11:48:27.173505Z,1024,116,0.361328125,0.361328125,1.0,4.586488668984657,7.2392578125,0.3544921875,108.044921875,0.6806640625,1111111111,7.0,1.0,7.0,1.0,0.2656778473605019,1,6.059938212953119,38.67174416299535,1011110111,0.093567936884009,6.454209722402489,True,True,0.0956502776394981,-1.4734495439684618,69.37317771200465,True,True,7,,
ibm_fez,IBM Fez,IBM,7,fez_vqc_007,ibm_fez,d7vm9f5pa59c73b6383g,2026-05-09T16:45:48.87176Z,1024,249,0.138671875,0.138671875,1.0,6.6851963001892365,6.2353515625,0.427734375,22.435546875,0.5693359375,1110111101,,,7.0,1.0,0.2656778473605019,1,6.059938212953119,38.67174416299535,1011110111,0.093567936884009,6.454209722402489,,True,-0.1270059723605018,0.6252580872361175,-16.236197287995353,True,True,7,,
ibm_marrakesh,IBM Marrakesh,IBM,7,qvc_test_007,ibm_marrakesh,marrakesh_qvc_test_007,qvc_test_007.json,1024,192,0.173828125,0.173828125,1.0,6.227901395238479,6.2763671875,0.4765625,28.833984375,0.5869140625,1011110111,,,7.0,1.0,0.2656778473605019,1,6.059938212953119,38.67174416299535,1011110111,0.093567936884009,6.454209722402489,,True,-0.0918497223605018,0.1679631822853604,-9.837759787995353,True,True,7,,
iqm_emerald,IQM Emerald (Braket),Braket,7,qvc_test_007,iqm_emerald,iqm_emerald_qvc_test_007,qvc_test_007.json,1024,302,0.015625,0.015625,1.0,7.257872640326893,6.005859375,0.375,12.490234375,0.5078125,1011110111,,,7.0,1.0,0.2656778473605019,1,6.059938212953119,38.67174416299535,1011110111,0.093567936884009,6.454209722402489,,True,-0.2500528473605019,1.1979344273737738,-26.181509787995356,True,True,7,,
iqm_garnet,IQM Garnet (Braket),Braket,7,qvc_test_007,iqm_garnet,iqm_garnet_qvc_test_007,qvc_test_007.json,1024,256,0.068359375,0.068359375,1.0,6.913664434237118,6.1162109375,0.423828125,17.22265625,0.5341796875,100110111,,,7.0,1.0,0.2656778473605019,1,6.059938212953119,38.67174416299535,1011110111,0.093567936884009,6.454209722402489,,True,-0.1973184723605018,0.8537262212839991,-21.449087912995356,True,True,7,,
rigetti_cepheus,Rigetti Cepheus (Braket),Braket,7,qvc_test_007,rigetti_cepheus,rigetti_cepheus_qvc_test_007,qvc_test_007.json,1024,366,0.033203125,0.033203125,1.0,7.775896714900031,6.7919921875,0.3564453125,8.544921875,0.5166015625,1111111111,,,7.0,1.0,0.2656778473605019,1,6.059938212953119,38.67174416299535,1011110111,0.093567936884009,6.454209722402489,,True,-0.2324747223605018,1.715958501946912,-30.126822287995356,True,True,7,,
braket_sv1,Braket SV1 (Amazon sim),Braket sim,7,qvc_test_007,braket_sv1,braket_sv1_qvc_test_007,qvc_test_007.json,1024,160,0.248046875,0.248046875,1.0,5.839082464249936,6.4443359375,0.474609375,36.775390625,0.6240234375,1011110111,,,7.0,1.0,0.2656778473605019,1,6.059938212953119,38.67174416299535,1011110111,0.093567936884009,6.454209722402489,,True,-0.0176309723605018,-0.2208557487031832,-1.896353537995353,True,True,7,,
braket_tn1,Braket TN1 (Amazon sim),Braket sim,7,qvc_test_007,braket_tn1,braket_tn1_qvc_test_007,qvc_test_007.json,1000,164,0.244,0.244,1.0,5.816058997552227,6.412,0.455,38.213632,0.622,100110111,,,7.0,1.0,0.2656778473605019,1,6.059938212953119,38.67174416299535,1011110111,0.093567936884009,6.454209722402489,,True,-0.0216778473605018,-0.2438792154008915,-0.4581121629953557,True,True,7,,
ionq_native_simulator,IonQ simulator (native cloud),IonQ native,7,qvc_test_007,ionq_native_simulator,ionq_native_simulator_qvc_test_007,20260707_084925Z/qvc_test_007.json,1024,166,0.244140625,0.244140625,1.0,5.8591867675840845,6.4052734375,0.462890625,37.759765625,0.6220703125,1011110111,,,,1.0,0.2656778473605019,1,6.059938212953119,38.67174416299535,1011110111,0.093567936884009,6.454209722402489,,True,-0.0215372223605018,-0.2007514453690344,-0.9119785379953528,True,True,7,7.0,7.0
ionq_native_forte_1,IonQ Forte-1 (native cloud),IonQ native,7,qvc_test_007,ionq_native_forte_1,ionq_native_forte_1_qvc_test_007,20260707_084925Z/qvc_test_007.json,1025,190,0.2253658536585366,0.2253658536585366,1.0,6.12000536695877,6.422439024390244,0.4731707317073171,32.57989101725164,0.6126829268292683,100110111,,,,1.0,0.2656778473605019,1,6.059938212953119,38.67174416299535,1011110111,0.093567936884009,6.454209722402489,,True,-0.0403119937019652,0.0600671540056509,-6.091853145743713,True,True,7,7.0,7.0
ibm_kingston,IBM Kingston,IBM,8,vqc_ibm_kingston_08,ibm_kingston,d7nld9294dqs73ev7g60,2026-04-27T12:29:24.396328Z,1024,85,-0.369140625,0.369140625,-1.0,3.692382116902956,5.5341796875,0.6826171875,229.712890625,0.3154296875,1110011000,8.0,-1.0,8.0,-1.0,-0.3021760286930475,-1,4.946773054405819,80.60127842080489,1100100101,0.1809518946358974,5.643040752065323,True,True,-0.0669645963069525,-1.2543909375028628,149.11161220419513,True,True,8,,
ibm_fez,IBM Fez,IBM,8,fez_vqc_008,ibm_fez,d7vm83tpa59c73b636c0,2026-05-09T16:42:55.279634Z,1024,175,-0.123046875,0.123046875,-1.0,5.846133918761493,5.5029296875,0.583984375,43.38671875,0.4384765625,1010010011,,,8.0,-1.0,-0.3021760286930475,-1,4.946773054405819,80.60127842080489,1100100101,0.1809518946358974,5.643040752065323,,True,0.1791291536930475,0.8993608643556739,-37.21455967080489,True,True,8,,
ibm_marrakesh,IBM Marrakesh,IBM,8,qvc_test_008,ibm_marrakesh,marrakesh_qvc_test_008,qvc_test_008.json,1024,135,-0.2890625,0.2890625,-1.0,5.155092787888959,5.662109375,0.6904296875,66.62109375,0.35546875,1100100101,,,8.0,-1.0,-0.3021760286930475,-1,4.946773054405819,80.60127842080489,1100100101,0.1809518946358974,5.643040752065323,,True,0.0131135286930474,0.2083197334831403,-13.980184670804888,True,True,8,,
iqm_emerald,IQM Emerald (Braket),Braket,8,qvc_test_008,iqm_emerald,iqm_emerald_qvc_test_008,qvc_test_008.json,1024,206,-0.138671875,0.138671875,-1.0,6.071676513727726,5.4287109375,0.650390625,41.65625,0.4306640625,1100100101,,,8.0,-1.0,-0.3021760286930475,-1,4.946773054405819,80.60127842080489,1100100101,0.1809518946358974,5.643040752065323,,True,0.1635041536930475,1.1249034593219074,-38.94502842080489,True,True,8,,
iqm_garnet,IQM Garnet (Braket),Braket,8,qvc_test_008,iqm_garnet,iqm_garnet_qvc_test_008,qvc_test_008.json,1024,179,-0.1875,0.1875,-1.0,5.68438884264983,5.474609375,0.6591796875,52.267578125,0.40625,1100100101,,,8.0,-1.0,-0.3021760286930475,-1,4.946773054405819,80.60127842080489,1100100101,0.1809518946358974,5.643040752065323,,True,0.1146760286930475,0.7376157882440113,-28.33370029580489,True,True,8,,
rigetti_cepheus,Rigetti Cepheus (Braket),Braket,8,qvc_test_008,rigetti_cepheus,rigetti_cepheus_qvc_test_008,qvc_test_008.json,1024,383,-0.048828125,0.048828125,-1.0,7.881848293022705,6.1103515625,0.4013671875,7.072265625,0.4755859375,1110111111,,,8.0,-1.0,-0.3021760286930475,-1,4.946773054405819,80.60127842080489,1100100101,0.1809518946358974,5.643040752065323,,True,0.2533479036930475,2.9350752386168866,-73.52901279580489,True,True,8,,
braket_sv1,Braket SV1 (Amazon sim),Braket sim,8,qvc_test_008,braket_sv1,braket_sv1_qvc_test_008,qvc_test_008.json,1024,114,-0.30859375,0.30859375,-1.0,4.745361999380849,5.61328125,0.6826171875,83.736328125,0.345703125,1100100101,,,8.0,-1.0,-0.3021760286930475,-1,4.946773054405819,80.60127842080489,1100100101,0.1809518946358974,5.643040752065323,,True,-0.0064177213069525,-0.2014110550249697,3.1350497041951115,True,True,8,,
braket_tn1,Braket TN1 (Amazon sim),Braket sim,8,qvc_test_008,braket_tn1,braket_tn1_qvc_test_008,qvc_test_008.json,1000,111,-0.314,0.314,-1.0,4.832947520440846,5.633,0.69,80.76492800000001,0.343,1100100101,,,8.0,-1.0,-0.3021760286930475,-1,4.946773054405819,80.60127842080489,1100100101,0.1809518946358974,5.643040752065323,,True,-0.0118239713069525,-0.1138255339649729,0.1636495791951233,True,True,8,,
ionq_native_simulator,IonQ simulator (native cloud),IonQ native,8,qvc_test_008,ionq_native_simulator,ionq_native_simulator_qvc_test_008,20260707_084925Z/qvc_test_008.json,1024,104,-0.310546875,0.310546875,-1.0,4.7301844442007415,5.6279296875,0.6787109375,84.02734375,0.3447265625,1100100101,,,,-1.0,-0.3021760286930475,-1,4.946773054405819,80.60127842080489,1100100101,0.1809518946358974,5.643040752065323,,True,-0.0083708463069525,-0.2165886102050773,3.4260653291951115,True,True,8,8.0,8.0
ionq_native_forte_1,IonQ Forte-1 (native cloud),IonQ native,8,qvc_test_008,ionq_native_forte_1,ionq_native_forte_1_qvc_test_008,20260707_084925Z/qvc_test_008.json,1025,140,-0.2468292682926829,0.2468292682926829,-1.0,5.257254679412639,5.679024390243902,0.6673170731707316,62.91514479476501,0.3765853658536585,1100100101,,,,-1.0,-0.3021760286930475,-1,4.946773054405819,80.60127842080489,1100100101,0.1809518946358974,5.643040752065323,,True,0.0553467604003645,0.3104816250068198,-17.686133626039876,True,True,8,8.0,8.0
ibm_kingston,IBM Kingston,IBM,9,vqc_ibm_kingston_09,ibm_kingston,d7nlegu2jamc73bokk20,2026-04-27T12:32:03.123321Z,1024,135,-0.298828125,0.298828125,-1.0,5.1606892304900285,5.2041015625,0.724609375,71.923828125,0.3505859375,1010010011,9.0,-1.0,9.0,-1.0,-0.4707568717426401,-1,4.757055337789923,99.99756477123968,1100100101,0.2500068122958544,5.24689909672294,True,True,0.17192874674264,0.4036338927001051,-28.07373664623968,True,True,9,,
ibm_fez,IBM Fez,IBM,9,fez_vqc_009,ibm_fez,d7vm8fkinasc738u91s0,2026-05-09T16:43:42.287128Z,1024,185,-0.236328125,0.236328125,-1.0,5.751924959184264,5.1416015625,0.6904296875,53.58203125,0.3818359375,1010010011,,,9.0,-1.0,-0.4707568717426401,-1,4.757055337789923,99.99756477123968,1100100101,0.2500068122958544,5.24689909672294,,True,0.23442874674264,0.9948696213943408,-46.41553352123968,True,True,9,,
ibm_marrakesh,IBM Marrakesh,IBM,9,qvc_test_009,ibm_marrakesh,marrakesh_qvc_test_009,qvc_test_009.json,1024,129,-0.4453125,0.4453125,-1.0,5.0182773428391965,5.3046875,0.7607421875,76.619140625,0.27734375,1100100101,,,9.0,-1.0,-0.4707568717426401,-1,4.757055337789923,99.99756477123968,1100100101,0.2500068122958544,5.24689909672294,,True,0.02544437174264,0.261222005049273,-23.37842414623968,True,True,9,,
iqm_emerald,IQM Emerald (Braket),Braket,9,qvc_test_009,iqm_emerald,iqm_emerald_qvc_test_009,qvc_test_009.json,1024,202,-0.255859375,0.255859375,-1.0,5.887911805392692,5.1884765625,0.6806640625,48.595703125,0.3720703125,1100100101,,,9.0,-1.0,-0.4707568717426401,-1,4.757055337789923,99.99756477123968,1100100101,0.2500068122958544,5.24689909672294,,True,0.21489749674264,1.1308564676027686,-51.40186164623968,True,True,9,,
rigetti_cepheus,Rigetti Cepheus (Braket),Braket,9,qvc_test_009,rigetti_cepheus,rigetti_cepheus_qvc_test_009,qvc_test_009.json,1024,305,0.025390625,0.025390625,1.0,7.237591434342739,5.7919921875,0.4541015625,13.18359375,0.5126953125,1010100101,,,9.0,-1.0,-0.4707568717426401,-1,4.757055337789923,99.99756477123968,1100100101,0.2500068122958544,5.24689909672294,,True,0.4961474967426401,2.480536096552817,-86.81397102123968,False,False,9,,
braket_sv1,Braket SV1 (Amazon sim),Braket sim,9,qvc_test_009,braket_sv1,braket_sv1_qvc_test_009,qvc_test_009.json,1024,93,-0.462890625,0.462890625,-1.0,4.527044600717816,5.1806640625,0.7822265625,103.302734375,0.2685546875,1100100101,,,9.0,-1.0,-0.4707568717426401,-1,4.757055337789923,99.99756477123968,1100100101,0.2500068122958544,5.24689909672294,,True,0.00786624674264,-0.2300107370721074,3.3051696037603198,True,True,9,,
braket_tn1,Braket TN1 (Amazon sim),Braket sim,9,qvc_test_009,braket_tn1,braket_tn1_qvc_test_009,qvc_test_009.json,1000,104,-0.458,0.458,-1.0,4.661751000112492,5.183,0.764,95.166464,0.271,1100100101,,,9.0,-1.0,-0.4707568717426401,-1,4.757055337789923,99.99756477123968,1100100101,0.2500068122958544,5.24689909672294,,True,0.01275687174264,-0.0953043376774314,-4.831100771239676,True,True,9,,
ionq_native_simulator,IonQ simulator (native cloud),IonQ native,9,qvc_test_009,ionq_native_simulator,ionq_native_simulator_qvc_test_009,20260707_084925Z/qvc_test_009.json,1024,96,-0.44921875,0.44921875,-1.0,4.565595591769786,5.19921875,0.7412109375,103.3515625,0.275390625,1100100101,,,,-1.0,-0.4707568717426401,-1,4.757055337789923,99.99756477123968,1100100101,0.2500068122958544,5.24689909672294,,True,0.02153812174264,-0.1914597460201372,3.3539977287603198,True,True,9,9.0,9.0
ionq_native_forte_1,IonQ Forte-1 (native cloud),IonQ native,9,qvc_test_009,ionq_native_forte_1,ionq_native_forte_1_qvc_test_009,20260707_084925Z/qvc_test_009.json,1025,130,-0.4419512195121951,0.4419512195121951,-1.0,4.934758735887731,5.286829268292683,0.7726829268292682,83.35762046400951,0.2790243902439024,1100100101,,,,-1.0,-0.4707568717426401,-1,4.757055337789923,99.99756477123968,1100100101,0.2500068122958544,5.24689909672294,,True,0.0288056522304449,0.1777033980978073,-16.639944307230166,True,True,9,9.0,9.0
ibm_kingston,IBM Kingston,IBM,10,vqc_ibm_kingston_10,ibm_kingston,d7nleo2k4prs73dse640,2026-04-27T12:32:32.586344Z,1024,118,0.296875,0.296875,1.0,5.06022621647415,4.5703125,0.787109375,69.04296875,0.6484375,1001110000,10.0,1.0,10.0,1.0,0.4425631436468679,1,4.751788110350122,89.03476465189638,1100111001,0.1578231730402821,4.562411567740907,True,True,-0.1456881436468678,0.3084381061240275,-19.99179590189638,True,True,10,,
ibm_fez,IBM Fez,IBM,10,fez_vqc_010,ibm_fez,d7vm8t7mrars73d8cfp0,2026-05-09T16:44:36.398193Z,1024,171,0.25390625,0.25390625,1.0,5.721177256131973,4.6640625,0.7041015625,47.908203125,0.626953125,1001110000,,,10.0,1.0,0.4425631436468679,1,4.751788110350122,89.03476465189638,1100111001,0.1578231730402821,4.562411567740907,,True,-0.1886568936468678,0.9693891457818512,-41.12656152689638,True,True,10,,
ibm_marrakesh,IBM Marrakesh,IBM,10,qvc_test_010,ibm_marrakesh,marrakesh_qvc_test_010,qvc_test_010.json,1024,121,0.3359375,0.3359375,1.0,5.002759401290499,4.603515625,0.748046875,72.873046875,0.66796875,1100111001,,,10.0,1.0,0.4425631436468679,1,4.751788110350122,89.03476465189638,1100111001,0.1578231730402821,4.562411567740907,,True,-0.1066256436468678,0.2509712909403765,-16.16171777689638,True,True,10,,
iqm_emerald,IQM Emerald (Braket),Braket,10,qvc_test_010,iqm_emerald,iqm_emerald_qvc_test_010,qvc_test_010.json,1024,203,0.193359375,0.193359375,1.0,5.978686539020464,4.5458984375,0.70703125,42.771484375,0.5966796875,111001,,,10.0,1.0,0.4425631436468679,1,4.751788110350122,89.03476465189638,1100111001,0.1578231730402821,4.562411567740907,,True,-0.2492037686468678,1.2268984286703413,-46.26328027689638,True,True,10,,
iqm_garnet,IQM Garnet (Braket),Braket,10,qvc_test_010,iqm_garnet,iqm_garnet_qvc_test_010,qvc_test_010.json,1024,182,0.158203125,0.158203125,1.0,5.8351569275204325,4.6025390625,0.7431640625,44.130859375,0.5791015625,1100111001,,,10.0,1.0,0.4425631436468679,1,4.751788110350122,89.03476465189638,1100111001,0.1578231730402821,4.562411567740907,,True,-0.2843600186468679,1.0833688171703102,-44.90390527689638,True,True,10,,
rigetti_cepheus,Rigetti Cepheus (Braket),Braket,10,qvc_test_010,rigetti_cepheus,rigetti_cepheus_qvc_test_010,qvc_test_010.json,1024,352,0.046875,0.046875,1.0,7.611758335709249,5.810546875,0.546875,9.7890625,0.5234375,1110111111,,,10.0,1.0,0.4425631436468679,1,4.751788110350122,89.03476465189638,1100111001,0.1578231730402821,4.562411567740907,,True,-0.3956881436468679,2.8599702253591266,-79.24570215189638,True,True,10,,
braket_sv1,Braket SV1 (Amazon sim),Braket sim,10,qvc_test_010,braket_sv1,braket_sv1_qvc_test_010,qvc_test_010.json,1024,101,0.466796875,0.466796875,1.0,4.565692294467551,4.6162109375,0.7919921875,90.109375,0.7333984375,1100111001,,,10.0,1.0,0.4425631436468679,1,4.751788110350122,89.03476465189638,1100111001,0.1578231730402821,4.562411567740907,,True,0.0242337313531321,-0.1860958158825711,1.0746103481036189,True,True,10,,
braket_tn1,Braket TN1 (Amazon sim),Braket sim,10,qvc_test_010,braket_tn1,braket_tn1_qvc_test_010,qvc_test_010.json,1000,106,0.42,0.42,1.0,4.637962013881201,4.562,0.799,87.621632,0.71,111001,,,10.0,1.0,0.4425631436468679,1,4.751788110350122,89.03476465189638,1100111001,0.1578231730402821,4.562411567740907,,True,-0.0225631436468679,-0.1138260964689212,-1.413132651896376,True,True,10,,
ionq_native_simulator,IonQ simulator (native cloud),IonQ native,10,qvc_test_010,ionq_native_simulator,ionq_native_simulator_qvc_test_010,20260707_084925Z/qvc_test_010.json,1024,108,0.482421875,0.482421875,1.0,4.595138796166915,4.5869140625,0.78515625,90.5546875,0.7412109375,1100111001,,,,1.0,0.4425631436468679,1,4.751788110350122,89.03476465189638,1100111001,0.1578231730402821,4.562411567740907,,True,0.0398587313531321,-0.1566493141832072,1.5199228481036189,True,True,10,10.0,10.0
ionq_native_forte_1,IonQ Forte-1 (native cloud),IonQ native,10,qvc_test_010,ionq_native_forte_1,ionq_native_forte_1_qvc_test_010,20260707_084925Z/qvc_test_010.json,1025,126,0.3834146341463414,0.3834146341463414,1.0,4.949109922471379,4.604878048780488,0.7697560975609756,75.79037620464004,0.6917073170731707,1100111001,,,,1.0,0.4425631436468679,1,4.751788110350122,89.03476465189638,1100111001,0.1578231730402821,4.562411567740907,,True,-0.0591485095005264,0.197321812121257,-13.24438844725634,True,True,10,10.0,10.0
